1,Produto 1,10.0,100
2,Produto 2,20.0,200
3,Produto 3,30.0,300
4,Produto 4,40.0,400
5,Produto 5,50.0,500
6,Produto 6,60.0,600
7,Produto 7,70.0,700
8,Produto 8,80.0,800
9,Produto 9,90.0,900
10,Produto 10,100.0,1000
11,Produto 11,110.0,1100
12,Produto 12,120.0,1200
13,Produto 13,130.0,1300
14,Produto 14,140.0,1400
15,Produto 15,150.0,1500
16,Produto 16,160.0,1600
17,Produto 17,170.0,1700
18,Produto 18,180.0,1800
19,Produto 19,190.0,1900
20,Produto 20,200.0,2000
21,Produto 21,210.0,2100
22,Produto 22,220.0,2200
23,Produto 23,230.0,2300
24,Produto 24,240.0,2400
25,Produto 25,250.0,2500
26,Produto 26,260.0,2600
27,Produto 27,270.0,2700
28,Produto 28,280.0,2800
29,Produto 29,290.0,2900
30,Produto 30,300.0,3000
31,Produto 31,310.0,3100
32,Produto 32,320.0,3200
33,Produto 33,330.0,3300
34,Produto 34,340.0,3400
35,Produto 35,350.0,3500
36,Produto 36,360.0,3600
37,Produto 37,370.0,3700
38,Produto 38,380.0,3800
39,Produto 39,390.0,3900
40,Produto 40,400.0,4000
41,Produto 41,410.0,4100
42,Produto 42,420.0,4200
43,Produto 43,430.0,4300
44,Produto 44,440.0,4400
45,Produto 45,450.0,4500
46,Produto 46,460.0,4600
47,Produto 47,470.0,4700
48,Produto 48,480.0,4800
49,Produto 49,490.0,4900
50,Produto 50,500.0,5000